Product_ID,Warehouse_ID,Demand,Lead_Time,Holding_Cost,Ordering_Cost,Stockout_Cost,Supplier_ID,MOQ,Current_Inventory,Safety_Stock,Forecast_Demand,Purchase_Price,Shelf_Life,Service_Level,Stockout_Risk,Overstock_Risk,Stock_Ratio,Inventory_Turnover,EOQ,ROP
24,4,871,7,36749,267091,846538,33,485,4388,1239.616774488902,124,15559,127,98,1,1,5.032110091743119,0.19845067213488266,93.32738076256078,1442.8501078222353
44,1,670,10,41833,154475,142667,10,173,2422,1481.6254334799569,995,14692,116,98,1,1,3.609538002980626,0.2765167148163434,81.8535277187245,1704.9587668132901
21,2,777,25,4554,154137,697984,47,290,1077,2342.655504515479,1495,49429,130,99,1,0,1.3843187660668381,0.7207792207792207,88.14760348415605,2990.155504515479
16,1,621,4,46347,231002,500320,41,16,3985,937.0622018061918,135,66738,310,99,1,1,6.406752411575563,0.15579528349222277,78.80355321938218,1019.8622018061917
24,3,576,11,19773,167873,77824,46,219,3840,1553.941864307715,582,17972,318,98,1,1,6.655112651646447,0.14996094766987764,75.8946638440411,1765.141864307715
49,0,707,9,9158,118182,901581,26,262,3316,1405.5933027092876,974,42530,225,95,1,1,4.68361581920904,0.21314440759722642,84.08329203831163,1617.6933027092875
50,2,841,4,2014,109132,181503,41,413,2843,937.0622018061918,509,76073,420,99,1,1,3.3764845605700713,0.2957102672292546,91.706052144883,1049.1955351395252
108,0,607,3,47295,432446,366691,1,142,3439,811.5196716903423,838,68178,638,90,1,1,5.65625,0.17645348837209301,77.91020472312982,872.2196716903424
19,1,183,11,31331,344850,655912,5,283,4111,1553.941864307715,1135,2365,479,98,1,1,22.342391304347824,0.04450389105058366,42.77849927241488,1621.0418643077148
168,4,989,3,46640,487158,420343,45,115,4271,811.5196716903423,635,66544,397,95,1,1,4.314141414141414,0.23150749063670412,99.44847912361456,910.4196716903423
104,0,543,26,47969,493430,814310,1,241,1903,2389.049226229996,1207,50683,459,99,1,1,3.4981617647058822,0.2851890756302521,73.68853370776216,2859.6492262299957
147,0,518,18,43986,302112,786654,41,42,4224,1987.8091118722657,461,95356,125,99,1,1,8.138728323699421,0.12260355029585798,71.97221686178632,2298.6091118722657
108,4,253,26,37481,52517,999984,16,88,3294,2389.049226229996,1125,59896,290,95,1,1,12.968503937007874,0.07678300455235205,50.299105359837164,2608.3158928966627
52,0,69,19,8585,260714,857122,39,44,4979,2042.2797207424535,394,19001,541,90,1,1,71.12857142857143,0.013855421686746987,26.267851073127396,2085.9797207424535
159,0,113,14,5122,194311,532040,47,119,425,1753.0828546273956,1238,7722,150,98,1,1,3.7280701754385963,0.2652582159624413,33.61547262794322,1805.816187960729
49,4,660,24,43660,435871,612126,13,330,2401,2295.324251674087,372,21100,395,99,1,1,3.632375189107413,0.27477102414654453,81.24038404635961,2823.324251674087
131,4,312,11,17838,495839,721720,9,72,749,1553.941864307715,507,18460,361,90,1,1,2.3929712460063897,0.416,55.85696017507576,1668.341864307715
1,1,680,24,18301,264055,118484,44,478,4839,2295.324251674087,546,90523,81,98,1,1,7.105726872246696,0.14049586776859505,82.46211251235322,2839.324251674087
137,1,753,2,24107,139282,403423,32,337,4574,662.6030372907553,1267,62645,425,90,1,1,6.06631299734748,0.16459016393442624,86.77557259966655,712.8030372907554
117,0,86,27,23625,203843,11083,41,464,43,2434.5590150710273,25,70551,347,98,0,0,0.4942528735632184,1.9545454545454546,29.32575659723036,2511.9590150710274
4,2,27,2,38142,55984,192636,11,306,1559,662.6030372907553,990,69498,704,98,1,1,55.67857142857143,0.01730769230769231,16.431676725154983,664.4030372907553
17,1,543,2,1489,152121,799743,31,187,4194,662.6030372907553,1174,5840,306,90,1,1,7.709558823529412,0.1294398092967819,73.68853370776216,698.8030372907554
78,1,193,10,1984,344465,295279,48,393,3468,1481.6254334799569,629,51064,626,98,1,1,17.876288659793815,0.05563562986451427,43.93176527297759,1545.9587668132901
104,2,666,23,18344,248374,67109,23,373,3951,2246.9962233634797,1453,87069,223,99,1,1,5.923538230884557,0.16852226720647773,81.60882305241266,2757.5962233634796
154,2,559,15,35550,131854,333498,13,241,4266,1814.6131509779173,1489,86990,50,99,1,1,7.617857142857143,0.13100539020389032,74.76630257007497,2094.113150977917
111,4,290,22,15959,468029,991151,4,113,147,2197.6056596433023,309,49105,428,90,0,0,0.5051546391752577,1.9594594594594594,53.85164807134504,2410.272326309969
124,1,297,12,48310,407871,641180,4,423,2170,1623.0393433806846,348,6699,231,90,1,1,7.281879194630872,0.136803316444035,54.49770637375485,1741.8393433806846
176,3,664,11,39751,487210,462517,46,303,111,1553.941864307715,312,6922,495,98,0,0,0.16691729323308271,5.928571428571429,81.48619514985344,1797.4085309743816
162,3,534,17,2869,270603,334377,31,44,4163,1931.8032179103905,601,25919,180,98,1,1,7.781308411214953,0.1282420749279539,73.07530362578044,2234.4032179103906
65,0,707,18,45264,100638,237827,44,203,827,1987.8091118722657,85,59536,188,90,1,0,1.1680790960451977,0.8538647342995169,84.08329203831163,2412.0091118722657
43,1,483,14,31268,213526,485344,48,183,1752,1753.0828546273956,923,27508,339,95,1,1,3.6198347107438016,0.2755276668568169,69.49820141557622,1978.4828546273957
77,3,955,17,20028,341116,187284,32,401,2939,1931.8032179103905,789,88200,533,90,1,1,3.0742677824267783,0.32482993197278914,97.72410142846032,2472.969884577057
25,1,276,15,40606,293576,885900,45,111,3728,1814.6131509779173,930,98806,55,95,1,1,13.458483754512635,0.07401448109412712,52.53570214625479,1952.6131509779173
42,1,790,12,14550,231481,723136,3,333,3616,1623.0393433806846,1349,26278,95,95,1,1,4.571428571428571,0.2184130494885264,88.88194417315589,1939.0393433806846
120,3,618,27,6702,75896,225648,29,302,3723,2434.5590150710273,1108,15862,292,90,1,1,6.01453957996769,0.16595059076262084,78.61297602813418,2990.7590150710275
108,1,955,16,14027,251285,736746,40,94,2277,1874.1244036123835,375,14598,501,90,1,1,2.3817991631799162,0.4192273924495171,97.72410142846032,2383.457736945717
124,2,366,23,45628,211207,61588,16,406,159,2246.9962233634797,662,68434,196,90,0,0,0.4332425068119891,2.2875,60.4979338490167,2527.5962233634796
105,0,815,6,33743,446152,828148,2,210,3365,1147.6621258370435,1015,89475,183,95,1,1,4.123774509803922,0.24212715389185976,90.27735042633894,1310.6621258370435
55,4,10,2,25459,115035,137558,12,182,2233,662.6030372907553,405,97824,372,99,1,1,203.0,0.004476275738585497,10.0,663.2697039574219
15,3,816,2,23286,285894,350399,43,38,1013,662.6030372907553,1264,25774,442,99,1,0,1.2399020807833538,0.8047337278106509,90.33271832508971,717.0030372907553
31,4,36,16,7032,300131,687137,47,306,4972,1874.1244036123835,813,53384,694,90,1,1,134.3783783783784,0.007239091091896239,18.973665961010276,1893.3244036123835
18,0,557,2,2825,257933,923758,35,65,551,662.6030372907553,1061,3822,213,90,0,0,0.9874551971326165,1.0090579710144927,74.63243262818116,699.7363706240886
147,2,169,8,12554,375139,452501,17,481,1175,1325.2060745815106,1328,38252,700,98,1,1,6.911764705882353,0.14370748299319727,41.10960958218893,1370.2727412481772
39,2,946,7,49101,298309,131921,22,25,1163,1239.616774488902,854,91585,223,98,1,0,1.2280887011615629,0.8127147766323024,97.26253132630262,1460.3501078222353
8,2,408,1,13470,191613,223630,34,149,1308,468.5311009030959,1460,88420,31,98,1,1,3.198044009779951,0.3116883116883117,63.874877690685246,482.1311009030959
84,2,552,4,4770,34346,627769,48,75,1492,937.0622018061918,881,14052,244,90,1,1,2.698010849909584,0.3697253851306095,74.29670248402684,1010.6622018061918
143,3,136,11,28268,261731,169860,32,455,1241,1553.941864307715,1124,84574,716,99,1,1,9.058394160583942,0.10950080515297907,36.87817782917155,1603.8085309743815
104,3,783,20,1029,13514,931523,35,156,4531,2095.334782384271,124,83511,616,99,1,1,5.779336734693878,0.17277140335392763,88.48728722251576,2617.334782384271
138,1,866,7,31083,34838,85018,16,167,4827,1239.616774488902,1192,14269,668,90,1,1,5.567474048442906,0.17937033968516986,93.05912099305473,1441.6834411555685
115,1,957,18,9958,299703,56873,38,409,1777,1987.8091118722657,1291,69577,512,90,1,1,1.8549060542797495,0.5382452193475815,97.82637681116479,2562.0091118722657
166,0,219,4,49270,373367,664529,33,481,59,937.0622018061918,382,17551,590,95,0,0,0.2681818181818182,3.65,46.79743582719036,966.2622018061918
99,1,159,17,9806,69207,937399,11,406,1633,1931.8032179103905,859,70915,61,95,1,1,10.20625,0.09730722154222766,39.87480407475377,2021.9032179103904
172,0,40,29,33162,26385,220743,4,78,2451,2523.117195631337,99,8661,699,99,1,1,59.78048780487805,0.01631321370309951,20.0,2561.7838622980034
96,0,621,29,10196,159389,976517,47,32,335,2523.117195631337,766,65547,44,98,0,0,0.5385852090032154,1.8482142857142858,78.80355321938218,3123.4171956313367
94,0,850,11,35889,403609,987074,39,199,830,1553.941864307715,1331,73503,347,99,0,0,0.9753231492361927,1.022864019253911,92.19544457292888,1865.6085309743817
63,2,311,11,28702,34881,366816,26,257,1592,1553.941864307715,40,96406,272,95,1,1,5.102564102564102,0.19522912743251727,55.767373974394744,1667.9751976410482
158,4,972,20,36777,383905,581960,39,495,4380,2095.334782384271,367,61614,46,99,1,1,4.501541623843782,0.22186715361789547,98.5900603509299,2743.334782384271
76,4,874,11,8739,239905,802553,12,424,959,1553.941864307715,479,82210,563,95,1,0,1.096,0.9104166666666667,93.48796714016194,1874.4085309743816
1,3,740,15,25599,431171,109332,25,318,4166,1814.6131509779173,1161,86930,110,95,1,1,5.622132253711201,0.17758579313654907,86.02325267042627,2184.613150977917
42,0,774,14,37827,68308,92445,13,385,1121,1753.0828546273956,279,14531,685,98,1,0,1.4464516129032259,0.6898395721925134,87.97726979169109,2114.2828546273954
148,2,692,17,12285,382659,340007,31,154,2223,1931.8032179103905,1446,22370,465,98,1,1,3.207792207792208,0.31115107913669066,83.18653737234169,2323.936551243724
23,1,266,2,32147,199086,684290,10,393,3816,662.6030372907553,218,54000,37,95,1,1,14.292134831460674,0.0696882368352109,51.57518783291051,680.3363706240887
126,1,949,18,30727,263267,59987,37,314,4979,1987.8091118722657,699,19565,708,90,1,1,5.241052631578947,0.19056224899598392,97.41663102366043,2557.2091118722656
147,3,66,16,3910,206502,110787,15,186,1098,1874.1244036123835,1339,1832,316,98,1,1,16.388059701492537,0.06005459508644222,25.69046515733026,1909.3244036123835
6,3,18,12,15674,344175,924647,21,204,142,1623.0393433806846,1224,47978,215,95,1,1,7.473684210526316,0.1258741258741259,13.416407864998739,1630.2393433806847
50,0,14,10,19354,377401,438718,46,419,2978,1481.6254334799569,1390,83941,553,90,1,1,198.53333333333333,0.004699563611950319,11.832159566199232,1486.2921001466236
82,0,856,28,31676,359117,631371,15,22,1046,2479.233548977804,466,11185,451,90,1,0,1.220536756126021,0.8175740210124164,92.52026804976302,3278.166882311137
126,1,123,16,27114,69596,565976,12,373,1068,1874.1244036123835,458,4492,495,99,1,1,8.612903225806452,0.11506080449017773,35.07135583350036,1939.7244036123834
166,1,786,3,24039,404929,904466,11,175,4187,811.5196716903423,77,59238,112,99,1,1,5.320203303684879,0.1876790830945559,88.656641037206,890.1196716903423
103,1,694,8,45929,30428,118406,17,159,3340,1325.2060745815106,883,59859,596,98,1,1,4.805755395683454,0.20772223885064353,83.30666239863412,1510.2727412481772
71,1,741,27,32831,72160,17304,28,350,4773,2434.5590150710273,476,45630,672,90,1,1,6.432614555256064,0.15521575198994553,86.08135686662938,3101.4590150710274
90,4,214,22,44884,469387,669409,17,422,3435,2197.6056596433023,1393,66824,666,98,1,1,15.976744186046512,0.06228172293364377,46.26013402488151,2354.5389929766357
78,0,33,22,26146,260894,811379,45,54,3779,2197.6056596433023,1420,41584,512,95,1,1,111.1470588235294,0.00873015873015873,18.16590212458495,2221.805659643302
41,0,502,25,46819,352873,790882,1,183,4477,2342.655504515479,137,2076,354,98,1,1,8.900596421471173,0.11210361768646718,70.8519583356734,2760.9888378488126
46,1,979,24,18626,70843,19495,1,176,965,2295.324251674087,742,35139,448,90,0,0,0.9846938775510204,1.0134575569358177,98.94442884771229,3078.5242516740873
58,2,691,2,18096,426219,821139,2,206,1179,662.6030372907553,1277,67610,80,99,1,1,1.703757225433526,0.5855932203389831,83.12640976248163,708.669703957422
85,1,415,22,32308,352313,764056,28,215,2434,2197.6056596433023,1052,38702,56,98,1,1,5.850961538461538,0.1704312114989733,64.42049363362563,2501.9389929766357
0,3,112,1,14054,366908,989424,7,91,500,468.5311009030959,1429,28535,706,99,1,1,4.424778761061947,0.22355289421157684,33.46640106136302,472.2644342364292
156,2,69,29,15070,445293,316688,10,77,4554,2523.117195631337,1262,99343,574,98,1,1,65.05714285714286,0.015148188803512623,26.267851073127396,2589.8171956313367
85,3,95,14,43253,298874,696066,11,106,49,1753.0828546273956,377,64737,91,95,0,0,0.5104166666666666,1.9,30.822070014844883,1797.4161879607288
56,2,776,25,27250,386226,635058,31,176,969,2342.655504515479,67,64705,686,90,1,0,1.247104247104247,0.8,88.09086218218096,2989.3221711821457
128,3,686,4,15413,82981,437209,3,413,987,937.0622018061918,1314,70810,200,98,1,0,1.4366812227074235,0.694331983805668,82.82511696339462,1028.5288684728584
66,1,381,4,12855,251791,24987,8,86,4627,937.0622018061918,566,29198,315,95,1,1,12.112565445026178,0.08232497839239412,61.72519744804386,987.8622018061917
89,1,688,9,39921,483033,160161,23,493,1115,1405.5933027092876,1135,96395,146,95,1,1,1.618287373004354,0.6164874551971327,82.94576541331088,1611.9933027092877
100,2,605,3,6587,213210,600285,48,246,3932,811.5196716903423,57,60113,33,95,1,1,6.488448844884489,0.15382659547419272,77.78174593052023,872.0196716903423
93,3,979,5,9827,337717,806425,15,205,1479,1047.6673911921355,571,46760,95,99,1,1,1.5091836734693878,0.6614864864864864,98.94442884771229,1210.8340578588022
13,4,211,1,26785,249200,21465,16,300,4434,468.5311009030959,602,58840,89,99,1,1,20.91509433962264,0.047576099210823,45.93473631142341,475.56443423642924
12,2,611,22,32864,169941,521889,46,145,3124,2197.6056596433023,821,36276,531,95,1,1,5.104575163398692,0.19552,78.16648898345122,2645.672326309969
144,2,98,19,32311,243151,92071,21,317,3567,2042.2797207424535,68,78554,258,95,1,1,36.03030303030303,0.027466367713004484,31.304951684997057,2104.3463874091203
142,0,446,1,7861,41076,829072,6,305,1658,468.5311009030959,170,62913,129,98,1,1,3.70917225950783,0.26883664858348405,66.783231428256,483.39776756976255
24,2,129,10,11804,495382,348141,9,386,1876,1481.6254334799569,112,59028,148,98,1,1,14.430769230769231,0.0687266915290357,35.91656999213594,1524.6254334799569
77,4,165,22,14979,489221,22366,28,378,2051,2197.6056596433023,855,74608,98,90,1,1,12.355421686746988,0.0804093567251462,40.620192023179804,2318.6056596433023
7,1,982,12,2297,238907,826327,35,376,4376,1623.0393433806846,421,14348,693,98,1,1,4.451678535096643,0.22435458076307974,99.09591313469996,2015.8393433806846
18,3,408,10,48513,136283,273929,23,45,2815,1481.6254334799569,795,47678,250,90,1,1,6.882640586797066,0.14488636363636365,63.874877690685246,1617.6254334799569
167,0,709,2,1357,297238,16242,45,399,970,662.6030372907553,192,14952,252,90,1,0,1.3661971830985915,0.7301750772399588,84.20213774008353,709.869703957422
71,3,197,16,48201,167889,820961,13,257,207,1874.1244036123835,426,1318,706,90,1,0,1.0454545454545454,0.9471153846153846,44.384682042344295,1979.19107027905
160,1,783,8,17624,20555,646904,13,263,259,1325.2060745815106,1149,78354,533,99,0,0,0.33035714285714285,3.0115384615384615,88.48728722251576,1534.0060745815106
51,2,61,14,11796,80656,336543,24,223,4358,1753.0828546273956,408,27011,240,98,1,1,70.29032258064517,0.013994035329203946,24.698178070456937,1781.5495212940623
129,4,661,29,24238,400205,278500,45,261,782,2523.117195631337,966,19787,604,95,1,0,1.1812688821752266,0.8441890166028098,81.30190649671138,3162.0838622980036
89,0,540,15,29640,483430,525214,21,79,504,1814.6131509779173,788,64428,291,90,0,0,0.9316081330868762,1.0693069306930694,73.48469228349535,2084.613150977917
67,4,489,16,41883,393576,950733,46,243,1573,1874.1244036123835,664,13516,547,95,1,1,3.210204081632653,0.31067344345616266,69.92853494818836,2134.9244036123837
124,4,596,11,32857,453409,619668,22,493,4298,1553.941864307715,446,35055,277,90,1,1,7.199329983249581,0.138636892300535,77.20103626247513,1772.4751976410482
61,4,239,12,20942,407931,814652,31,338,1759,1623.0393433806846,327,9752,286,98,1,1,7.329166666666667,0.13579545454545455,48.88762624632127,1718.6393433806845
17,4,490,2,4860,402838,511109,25,25,3794,662.6030372907553,615,67911,92,90,1,1,7.727087576374745,0.12911725955204217,70.0,695.2697039574219
94,1,139,4,46211,306306,953155,26,496,3590,937.0622018061918,1283,81506,421,98,1,1,25.642857142857142,0.03870788081314397,37.282703764614496,955.595535139525
175,4,64,3,5447,111173,893654,44,183,4140,811.5196716903423,920,60850,569,95,1,1,63.69230769230769,0.015455204056991065,25.298221281347036,817.9196716903423
148,4,280,9,21523,370002,753023,11,196,1401,1405.5933027092876,1480,99328,446,98,1,1,4.98576512455516,0.19971469329529243,52.91502622129181,1489.5933027092876
169,1,969,18,35735,111980,884630,18,303,788,1987.8091118722657,506,18538,82,95,0,0,0.8123711340206186,1.2281368821292775,98.4377976185977,2569.2091118722656
148,3,109,19,40347,398796,465066,18,234,3329,2042.2797207424535,1376,13657,67,98,1,1,30.263636363636362,0.032732732732732736,33.015148038438355,2111.313054075787
9,1,78,7,5849,48458,790248,33,283,2844,1239.616774488902,436,18843,337,90,1,1,36.0,0.02741652021089631,27.92848008753788,1257.816774488902
47,2,920,4,25718,114122,568549,31,21,3985,937.0622018061918,827,82119,680,90,1,1,4.326818675352877,0.2308078273958856,95.91663046625439,1059.7288684728585
114,1,308,6,40935,108538,723839,28,319,4012,1147.6621258370435,1032,22491,82,98,1,1,12.983818770226538,0.07675056067779716,55.49774770204643,1209.2621258370434
72,3,979,19,23326,406356,978204,20,228,2092,2042.2797207424535,249,47431,635,95,1,1,2.1346938775510202,0.4677496416626851,98.94442884771229,2662.3130540757866
165,2,538,1,8466,477390,756256,34,440,2967,468.5311009030959,1092,64475,635,95,1,1,5.504638218923933,0.18126684636118598,73.348483283569,486.4644342364292
49,2,363,16,23789,121201,665080,41,10,1069,1874.1244036123835,806,43180,481,95,1,1,2.9368131868131866,0.33925233644859815,60.249481325568276,2067.7244036123834
15,0,637,11,28135,158455,113467,4,408,1675,1553.941864307715,212,19540,490,98,1,1,2.6253918495297808,0.38007159904534604,79.81227975693966,1787.5085309743815
171,4,161,22,46117,158790,314524,11,120,2612,2197.6056596433023,1499,72515,515,98,1,1,16.123456790123456,0.061615001913509375,40.124805295477756,2315.672326309969
153,2,339,4,31262,217232,351977,6,484,4396,937.0622018061918,1329,61635,166,98,1,1,12.929411764705883,0.07709802137821242,58.22370651203855,982.2622018061918
21,2,125,18,25435,460615,638296,40,473,287,1987.8091118722657,296,8943,401,98,1,1,2.2777777777777777,0.4340277777777778,35.35533905932738,2062.809111872266
130,3,551,23,35787,359152,884756,1,286,785,2246.9962233634797,82,9911,285,95,1,0,1.4221014492753623,0.7010178117048346,74.22937423958254,2669.429556696813
44,2,332,26,39942,162935,924150,24,138,2316,2389.049226229996,735,41254,424,95,1,1,6.954954954954955,0.14328873543375054,57.619441163551734,2676.7825595633294
76,3,572,29,16689,474842,114992,9,102,2838,2523.117195631337,346,64000,66,99,1,1,4.952879581151833,0.20147939415287072,75.63068160475615,3076.0505289646703
177,4,581,28,40860,283521,561299,37,460,3637,2479.233548977804,1351,70305,683,98,1,1,6.24914089347079,0.15970313358988455,76.22335600063802,3021.5002156444707
5,0,238,29,44273,355175,189675,43,405,2628,2523.117195631337,212,3479,176,99,1,1,10.99581589958159,0.09052871814378091,48.78524367060187,2753.1838622980035
128,0,780,5,3355,201595,103593,5,389,1265,1047.6673911921355,240,11112,37,98,1,1,1.619718309859155,0.6161137440758294,88.31760866327846,1177.6673911921355
9,4,369,22,32928,134403,652627,26,421,2983,2197.6056596433023,913,71267,280,99,1,1,8.062162162162162,0.12365951742627346,60.74537019394976,2468.205659643302
10,4,14,6,1333,155942,159519,34,48,3015,1147.6621258370435,1090,63612,676,95,1,1,201.0,0.004641909814323607,11.832159566199232,1150.4621258370435
99,1,37,25,36330,329631,93940,9,430,70,2342.655504515479,653,77897,600,95,1,1,1.8421052631578947,0.5211267605633803,19.235384061671343,2373.4888378488126
121,2,775,28,15776,160372,96677,8,488,4930,2479.233548977804,1453,47809,664,99,1,1,6.353092783505154,0.1571689312512675,88.03408430829505,3202.5668823111373
121,2,373,2,28014,459167,246729,19,325,2460,662.6030372907553,924,33205,476,90,1,1,6.577540106951871,0.15156440471353108,61.07372593840988,687.469703957422
116,2,471,12,35563,77639,477894,36,168,611,1623.0393433806846,289,91105,292,98,1,0,1.2944915254237288,0.7696078431372549,68.62943974709395,1811.4393433806845
133,3,240,22,16270,362875,123570,34,195,3523,2197.6056596433023,818,73604,661,99,1,1,14.618257261410788,0.0681044267877412,48.98979485566356,2373.6056596433023
49,1,404,9,32279,134766,336727,36,490,3702,1405.5933027092876,1338,7557,468,99,1,1,9.14074074074074,0.10910072913853633,63.56099432828282,1526.7933027092877
50,2,977,28,34021,375573,597344,39,362,2576,2479.233548977804,475,37098,288,90,1,1,2.633946830265849,0.3791230112533954,98.84331034521254,3391.1002156444706
167,3,878,20,4657,270637,91468,7,265,190,2095.334782384271,746,39790,352,95,0,0,0.2161547212741752,4.596858638743456,93.70165420097983,2680.6681157176045
71,3,721,29,24886,475342,919329,45,248,1747,2523.117195631337,1207,35826,559,99,1,1,2.419667590027701,0.41247139588100684,84.91171886141512,3220.0838622980036
81,0,853,12,43383,446196,808449,30,113,2125,1623.0393433806846,813,23074,330,95,1,1,2.488290398126464,0.40122295390404517,92.35799911215054,1964.2393433806847
87,3,280,29,4237,248976,764233,48,404,1628,2523.117195631337,275,88691,514,98,1,1,5.7935943060498225,0.17188459177409454,52.91502622129181,2793.7838622980034
115,4,860,13,37099,173122,47880,42,375,4984,1689.3129084557042,256,97320,121,90,1,1,5.788617886178862,0.17251755265797392,92.73618495495704,2061.979575122371
27,3,313,27,2027,143993,11355,15,38,3372,2434.5590150710273,87,33401,193,95,1,1,10.738853503184714,0.09279573080343907,55.94640292279746,2716.259015071027
21,4,392,22,15199,403048,116360,27,98,2996,2197.6056596433023,863,12565,685,99,1,1,7.623409669211196,0.13079746413079746,62.609903369994115,2485.072326309969
119,4,567,23,47051,342414,593224,5,384,16,2246.9962233634797,262,91236,364,90,0,0,0.028169014084507043,33.35294117647059,75.2994023880668,2681.6962233634795
110,0,37,17,45954,357437,729968,31,406,4910,1931.8032179103905,484,65702,344,90,1,1,129.21052631578948,0.007534107106495622,19.235384061671343,1952.7698845770572
89,0,528,5,14781,302472,222694,27,60,1597,1047.6673911921355,185,50926,267,90,1,1,3.01890359168242,0.3304130162703379,72.6636084983398,1135.6673911921355
159,3,753,20,16120,464036,780878,10,373,1066,2095.334782384271,1454,81873,715,90,1,0,1.4137931034482758,0.7057169634489222,86.77557259966655,2597.334782384271
63,0,208,13,25289,295282,228123,41,447,3139,1689.3129084557042,980,12112,112,90,1,1,15.019138755980862,0.06624203821656051,45.60701700396552,1779.4462417890377
135,0,615,29,6983,222645,267034,22,156,3451,2523.117195631337,1494,80297,698,98,1,1,5.6022727272727275,0.17815758980301274,78.4219357067906,3117.617195631337
12,2,91,13,2093,415310,220828,29,323,2259,1689.3129084557042,263,9885,138,98,1,1,24.554347826086957,0.04026548672566372,30.166206257996713,1728.7462417890376
44,3,97,10,5789,468480,57266,8,45,2250,1481.6254334799569,912,2376,207,90,1,1,22.959183673469386,0.04309195912927588,31.144823004794873,1513.9587668132901
26,3,399,15,3912,281172,719914,27,293,2773,1814.6131509779173,116,6939,279,99,1,1,6.9325,0.14383561643835616,63.166446789415026,2014.1131509779173
46,3,707,15,48879,250125,199287,23,461,4204,1814.6131509779173,1204,42949,596,99,1,1,5.937853107344632,0.1681331747919144,84.08329203831163,2168.113150977917
126,0,764,18,22873,156504,633426,27,396,283,1987.8091118722657,67,3846,696,98,0,0,0.36993464052287583,2.6901408450704225,87.40709353364863,2446.2091118722656
178,0,589,18,15332,315963,594944,23,495,2988,1987.8091118722657,1370,73353,120,95,1,1,5.064406779661017,0.19705587152893944,76.74633541739958,2341.2091118722656
24,4,832,2,17564,360771,64104,14,110,4832,662.6030372907553,1375,8430,368,90,1,1,5.800720288115246,0.17214980343471964,91.21403400793103,718.069703957422
71,1,460,23,13259,268312,86844,38,116,602,2246.9962233634797,951,27328,667,99,1,0,1.3058568329718003,0.7628524046434494,67.82329983125268,2599.662890030146
86,1,442,11,43180,222194,10969,32,354,1363,1553.941864307715,1323,12151,198,98,1,1,3.0767494356659144,0.32404692082111436,66.48308055437865,1716.0085309743815
141,1,383,13,21526,277456,371040,46,434,3352,1689.3129084557042,93,60797,168,98,1,1,8.729166666666666,0.11422606620936475,61.886993787063204,1855.279575122371
125,2,444,11,22113,35973,796686,33,300,4075,1553.941864307715,1150,28619,546,95,1,1,9.157303370786517,0.10893032384690873,66.63332499583073,1716.7418643077149
63,0,196,4,17006,112126,413522,21,358,4586,937.0622018061918,721,35484,607,95,1,1,23.279187817258883,0.04272945280139525,44.27188724235731,963.1955351395251
72,4,760,15,22643,458521,599804,28,114,800,1814.6131509779173,1252,28664,652,99,1,0,1.0512483574244416,0.9488139825218477,87.17797887081348,2194.613150977917
139,4,399,22,25413,170045,627365,33,230,759,2197.6056596433023,910,7780,213,95,1,1,1.8975,0.525,63.166446789415026,2490.205659643302
73,1,227,23,43523,316534,995701,41,85,1493,2246.9962233634797,1135,69867,199,95,1,1,6.548245614035087,0.15194109772423026,47.644516998286385,2421.029556696813
79,2,117,25,31122,419315,746205,46,236,4800,2342.655504515479,666,29604,391,90,1,1,40.67796610169491,0.02436992293272235,34.20526275297414,2440.155504515479
6,2,828,11,5684,270025,510314,9,93,3934,1553.941864307715,465,18762,273,98,1,1,4.745476477683956,0.21041931385006354,90.9945053286186,1857.541864307715
0,1,559,18,8854,322100,945727,44,474,814,1987.8091118722657,668,24765,167,98,1,0,1.4535714285714285,0.6858895705521473,74.76630257007497,2323.2091118722656
166,1,916,16,23357,371523,474657,29,85,4898,1874.1244036123835,782,64726,57,95,1,1,5.3413304252998905,0.18697693406817717,95.70788891204319,2362.657736945717
162,0,957,10,40185,286207,864399,10,258,372,1481.6254334799569,800,38043,548,98,0,0,0.3883089770354906,2.5656836461126007,97.82637681116479,1800.6254334799569
167,2,358,12,18946,366450,476508,33,264,2998,1623.0393433806846,860,88458,427,98,1,1,8.350974930362117,0.1193731243747916,59.833101206606365,1766.2393433806847
111,4,797,13,14127,233824,211961,20,59,2891,1689.3129084557042,535,60051,362,99,1,1,3.6228070175438596,0.27558782849239283,89.27485648266257,2034.6795751223708
109,1,531,9,44466,103196,584405,12,365,3791,1405.5933027092876,275,90230,346,98,1,1,7.12593984962406,0.14003164556962025,72.86974680894672,1564.8933027092876
86,0,35,27,30404,485135,536025,24,467,3319,2434.5590150710273,1320,11556,592,95,1,1,92.19444444444444,0.010542168674698794,18.708286933869708,2466.0590150710273
83,4,57,21,23888,19605,616692,20,219,2189,2147.079235329429,150,80091,455,99,1,1,37.741379310344826,0.026027397260273973,23.874672772626646,2186.9792353294292
1,2,868,13,18401,106185,959980,0,167,2449,1689.3129084557042,904,11004,165,98,1,1,2.8181818181818183,0.35428571428571426,93.16651759081692,2065.4462417890377
124,1,379,6,16428,112756,427541,4,337,3967,1147.6621258370435,415,59956,719,98,1,1,10.439473684210526,0.09551411290322581,61.56297588648554,1223.4621258370435
168,1,23,6,37422,126351,153398,21,242,822,1147.6621258370435,302,21810,670,99,1,1,34.25,0.027946537059538274,15.165750888103101,1152.2621258370434
0,0,621,11,48765,239167,493338,6,380,221,1553.941864307715,1064,63000,296,99,0,0,0.3553054662379421,2.7972972972972974,78.80355321938218,1781.641864307715
171,0,196,19,47510,266927,285055,12,86,3937,2042.2797207424535,1204,77724,136,98,1,1,19.98477157360406,0.04977145759268664,44.27188724235731,2166.413054075787
104,2,533,27,42717,251674,694440,44,232,1387,2434.5590150710273,364,1247,589,90,1,1,2.597378277153558,0.3840057636887608,73.00684899377592,2914.259015071027
45,1,893,11,12971,218976,819067,22,130,3888,1553.941864307715,214,21762,167,90,1,1,4.348993288590604,0.22962201079969144,94.4986772394196,1881.3751976410483
90,0,900,10,49159,345108,323323,20,463,2160,1481.6254334799569,1003,46995,644,98,1,1,2.3973362930077693,0.41647385469689957,94.86832980505137,1781.6254334799569
133,1,288,23,23482,192277,932717,5,319,3270,2246.9962233634797,300,60423,76,98,1,1,11.314878892733564,0.08804646896973403,53.665631459994955,2467.79622336348
26,2,350,15,20968,419033,722502,19,336,1925,1814.6131509779173,120,80347,694,99,1,1,5.484330484330484,0.181723779854621,59.16079783099616,1989.6131509779173
130,1,337,13,17565,12420,245603,11,350,4693,1689.3129084557042,1101,70277,397,99,1,1,13.884615384615385,0.0717937792927141,58.05170109479997,1835.3462417890375
66,4,688,23,7829,356592,335689,39,367,2951,2246.9962233634797,382,62969,35,98,1,1,4.283018867924528,0.23306233062330622,82.94576541331088,2774.4628900301464
94,1,643,8,11487,473069,955444,8,116,4580,1325.2060745815106,205,30052,552,98,1,1,7.111801242236025,0.14036236629556864,80.18728078691782,1496.6727412481773
135,3,914,5,36435,99897,250655,27,250,3993,1047.6673911921355,135,50214,558,98,1,1,4.363934426229508,0.22884326489734602,95.60334722173695,1200.0007245254687
4,3,993,2,33625,37728,922350,10,444,2598,662.6030372907553,271,35319,684,98,1,1,2.613682092555332,0.38207002693343595,99.6493853468249,728.8030372907554
56,2,616,16,43759,134826,320748,31,37,1666,1874.1244036123835,896,72842,301,90,1,1,2.700162074554295,0.3695260947810438,78.48566748139433,2202.657736945717
28,2,34,13,17287,67858,229973,10,201,3081,1689.3129084557042,933,69541,95,99,1,1,88.02857142857142,0.011031797534068787,18.439088914585774,1704.0462417890376
171,2,538,19,39941,378860,346476,23,258,3885,2042.2797207424535,164,69858,449,95,1,1,7.207792207792208,0.13844570252187338,73.348483283569,2383.013054075787
107,4,435,9,43459,190161,845551,14,373,4757,1405.5933027092876,117,82544,368,98,1,1,10.910550458715596,0.0914249684741488,65.95452979136459,1536.0933027092876
10,4,38,15,48976,237676,617176,40,222,2114,1814.6131509779173,1456,41765,527,98,1,1,54.205128205128204,0.017966903073286054,19.493588689617926,1833.6131509779173
10,1,965,6,47003,271680,858036,34,30,2752,1147.6621258370435,44,25870,498,98,1,1,2.8488612836438922,0.3505266981474755,98.2344135219425,1340.6621258370435
172,0,332,8,14663,225329,26820,16,481,3168,1325.2060745815106,1077,13466,360,95,1,1,9.513513513513514,0.10476491006626697,57.619441163551734,1413.739407914844
129,3,862,24,10176,432180,610790,24,164,1554,2295.324251674087,664,46284,668,99,1,1,1.8006952491309385,0.5543408360128618,92.84395510748128,2984.924251674087
22,3,322,14,16072,238137,384415,48,36,1080,1753.0828546273956,732,51034,160,99,1,1,3.343653250773994,0.2978723404255319,56.74504383644443,1903.3495212940622
135,3,593,5,6516,349136,77345,34,86,3934,1047.6673911921355,1007,34161,559,98,1,1,6.622895622895623,0.15069885641677255,77.00649323271382,1146.5007245254687
82,1,279,17,32832,371403,180386,18,315,87,1931.8032179103905,425,69275,630,98,0,0,0.3107142857142857,3.1704545454545454,52.820450584977024,2089.9032179103906
80,1,771,22,20689,388329,837307,40,422,2700,2197.6056596433023,1009,61811,467,99,1,1,3.4974093264248705,0.2854498333950389,87.80660567406076,2763.0056596433024
68,2,304,7,19599,445456,867473,30,432,2703,1239.616774488902,294,54565,272,95,1,1,8.862295081967213,0.11242603550295859,55.136195008360886,1310.5501078222353
16,0,665,9,17509,372426,80793,16,66,2959,1405.5933027092876,1480,62314,492,98,1,1,4.442942942942943,0.22466216216216217,81.54753215150045,1605.0933027092876
41,2,795,16,36388,224521,277053,22,128,2418,1874.1244036123835,527,54626,379,95,1,1,3.0376884422110555,0.32864820173625464,89.16277250063504,2298.1244036123835
100,1,232,18,10200,153747,627169,46,485,2422,1987.8091118722657,36,79730,46,95,1,1,10.394849785407725,0.09574907139909203,48.16637831516918,2127.0091118722657
72,4,84,28,26789,258422,24866,0,174,4147,2479.233548977804,236,70767,495,99,1,1,48.78823529411765,0.020250723240115717,28.982753492378876,2557.633548977804
62,2,111,13,12896,107677,708149,9,486,1747,1689.3129084557042,1458,52929,392,98,1,1,15.598214285714286,0.06350114416475973,33.31666249791537,1737.4129084557042
127,1,541,18,22931,495741,886836,7,73,40,1987.8091118722657,1401,94804,239,90,0,0,0.07380073800738007,13.195121951219512,73.55270219373317,2312.409111872266
160,1,638,10,24087,70049,793834,41,57,2138,1481.6254334799569,1343,67937,640,99,1,1,3.3458528951486697,0.29827021972884527,79.87490219086344,1694.2921001466236
146,4,695,1,24753,484880,254734,25,159,38,468.5311009030959,857,9086,554,99,0,0,0.05459770114942529,17.82051282051282,83.36666000266533,491.69776756976256
172,4,894,21,34464,189508,338141,33,493,3084,2147.079235329429,1138,63582,449,90,1,1,3.445810055865922,0.2897893030794165,94.55157322858251,2772.8792353294293
16,4,182,18,3270,50213,300604,18,167,3679,1987.8091118722657,27,67065,162,98,1,1,20.103825136612024,0.049456521739130434,42.661458015403085,2097.0091118722657
49,0,13,19,27091,431327,58500,13,165,2151,2042.2797207424535,1238,41779,43,95,1,1,153.64285714285714,0.0060408921933085506,11.40175425099138,2050.513054075787
101,1,861,2,42994,276428,209841,7,160,3937,662.6030372907553,52,24462,73,95,1,1,4.567285382830627,0.2186389029964449,92.79008567729636,720.0030372907553
87,4,488,27,17060,494245,532881,0,234,2090,2434.5590150710273,98,48769,406,95,1,1,4.274028629856851,0.23338115734098516,69.85699678629192,2873.759015071027
24,0,669,4,43495,289729,790331,47,269,208,937.0622018061918,595,56878,324,98,0,0,0.31044776119402984,3.200956937799043,81.79242018671412,1026.2622018061918
70,3,404,11,42773,468255,284272,24,396,599,1553.941864307715,166,17956,425,99,1,0,1.4790123456790123,0.6733333333333333,63.56099432828282,1702.0751976410484
138,3,635,3,26587,367275,539490,23,265,604,811.5196716903423,1299,83563,133,99,0,0,0.949685534591195,1.0495867768595042,79.68688725254614,875.0196716903423
147,3,842,9,48852,279275,897675,46,70,2523,1405.5933027092876,143,86991,474,99,1,1,2.99288256227758,0.3335974643423138,91.76055797563569,1658.1933027092875
80,1,923,10,30729,53382,270731,19,361,3709,1481.6254334799569,473,45555,91,99,1,1,4.014069264069264,0.24878706199460918,96.0728889958036,1789.2921001466234
169,0,176,28,26594,494949,500010,29,269,2156,2479.233548977804,1165,46602,594,99,1,1,12.180790960451978,0.08159480760315253,41.95235392680606,2643.5002156444707
49,0,309,2,15816,436743,730687,4,330,213,662.6030372907553,750,6605,441,90,0,0,0.6870967741935484,1.4439252336448598,55.58776843874919,683.2030372907553
79,3,127,7,40485,228565,189037,2,405,1576,1239.616774488902,1067,77213,659,95,1,1,12.3125,0.08053265694356374,35.63705936241092,1269.2501078222353
3,2,521,15,22304,172008,958742,31,406,2818,1814.6131509779173,92,17938,350,95,1,1,5.398467432950191,0.1848173111032281,72.18032973047436,2075.113150977917
111,3,621,27,29386,97081,613546,16,171,2124,2434.5590150710273,938,60502,160,98,1,1,3.414790996784566,0.29223529411764704,78.80355321938218,2993.4590150710274
148,1,795,19,2116,63441,664676,41,389,268,2042.2797207424535,1165,53545,228,90,0,0,0.33668341708542715,2.9553903345724906,89.16277250063504,2545.7797207424537
49,3,184,10,30299,457814,121302,4,452,2408,1481.6254334799569,1461,44534,65,99,1,1,13.016216216216216,0.07638024076380241,42.89522117905443,1542.9587668132901
148,3,168,24,33587,89220,925055,10,358,2577,2295.324251674087,875,16009,245,99,1,1,15.248520710059172,0.06516679596586501,40.98780306383839,2429.724251674087
176,0,393,20,18540,249056,714600,37,466,4778,2095.334782384271,213,31246,615,99,1,1,12.126903553299492,0.08223477715003139,62.68971207462992,2357.334782384271
35,3,236,14,48947,161714,93583,3,40,4257,1753.0828546273956,1369,29185,335,90,1,1,17.962025316455698,0.055425082198215125,48.579831205964474,1863.2161879607288
177,4,944,4,34756,210979,996341,38,80,4560,937.0622018061918,971,95831,596,98,1,1,4.825396825396825,0.2069721552291164,97.15966241192895,1062.9288684728583
98,4,47,25,44426,22651,719649,18,406,822,2342.655504515479,506,92055,41,90,1,1,17.125,0.05710814094775213,21.6794833886788,2381.8221711821457
120,2,472,11,6587,142737,960048,38,447,3635,1553.941864307715,451,87488,112,98,1,1,7.6849894291754755,0.12981298129812982,68.70225614927067,1727.0085309743815
66,1,440,3,19212,279062,594352,45,11,2595,811.5196716903423,837,47642,61,95,1,1,5.884353741496598,0.1694915254237288,66.332495807108,855.5196716903423
59,1,719,23,16803,295151,107119,48,426,3953,2246.9962233634797,1291,10185,437,98,1,1,5.490277777777778,0.18184117349519474,84.7938677028003,2798.2295566968132
152,0,657,17,25256,238016,758409,22,59,3831,1931.8032179103905,1325,65366,115,95,1,1,5.822188449848024,0.1714509394572025,81.05553651663777,2304.1032179103904
33,1,113,7,11269,216802,484392,16,144,2099,1239.616774488902,1158,20843,440,98,1,1,18.412280701754387,0.05380952380952381,33.61547262794322,1265.9834411555685
61,2,991,26,7088,297179,556701,12,155,4583,2389.049226229996,880,18505,592,95,1,1,4.619959677419355,0.21618673647469458,99.54898291795854,3247.9158928966626
100,4,202,11,36113,361496,878773,26,188,3602,1553.941864307715,1208,29022,285,95,1,1,17.74384236453202,0.056064390785456567,44.94441010848846,1628.0085309743815
144,0,259,18,43044,491818,714259,0,273,3467,1987.8091118722657,878,62609,270,99,1,1,13.334615384615384,0.07468281430219147,50.89204259999789,2143.2091118722656
113,4,22,28,28081,86749,96891,1,320,650,2479.233548977804,89,55261,481,98,1,1,28.26086956521739,0.03379416282642089,14.832396974191326,2499.766882311137
79,2,576,14,11543,386193,491981,17,213,1634,1753.0828546273956,821,17439,30,99,1,1,2.831889081455806,0.3522935779816514,75.8946638440411,2021.8828546273955
43,0,865,14,4005,360292,735329,35,308,4814,1753.0828546273956,924,81196,630,95,1,1,5.558891454965358,0.17964693665628245,93.00537618869137,2156.749521294062
140,3,606,6,38203,32211,43033,44,196,1167,1147.6621258370435,1338,75385,311,99,1,1,1.9225700164744646,0.5188356164383562,77.84600182411425,1268.8621258370435
161,1,630,29,17220,457803,373298,32,39,4076,2523.117195631337,1377,96164,680,90,1,1,6.459587955625991,0.1545253863134658,79.37253933193772,3132.117195631337
133,2,564,9,44455,36866,11378,35,68,198,1405.5933027092876,579,91371,628,99,0,0,0.3504424778761062,2.8341708542713566,75.09993342207434,1574.7933027092877
11,0,397,22,33696,247012,409719,1,18,1355,2197.6056596433023,1124,71272,543,98,1,1,3.4045226130653266,0.29277286135693215,63.00793600809346,2488.7389929766355
172,4,80,3,15147,17344,115461,3,485,3505,811.5196716903423,871,36377,709,99,1,1,43.27160493827161,0.022818026240730177,28.284271247461902,819.5196716903423
40,0,965,17,47381,340881,708134,15,333,802,1931.8032179103905,178,4909,148,90,0,0,0.8302277432712215,1.2017434620174345,98.2344135219425,2478.6365512437237
137,3,789,28,48984,342432,724968,3,176,700,2479.233548977804,1367,15867,534,99,0,0,0.8860759493670886,1.1255349500713268,88.82567196480981,3215.633548977804
113,2,580,12,40396,334690,653392,8,346,502,1623.0393433806846,1021,65685,109,95,0,0,0.8640275387263339,1.1530815109343937,76.15773105863909,1855.0393433806846
107,0,982,4,1076,117879,305761,48,404,4564,937.0622018061918,245,1794,652,95,1,1,4.6429298067141405,0.21511500547645127,99.09591313469996,1067.9955351395251
119,2,447,20,39520,282471,145886,20,388,2413,2095.334782384271,408,84481,706,95,1,1,5.386160714285714,0.18516984258492128,66.85805860178712,2393.334782384271
114,2,53,16,19946,451875,923048,22,395,4719,1874.1244036123835,597,59527,248,98,1,1,87.38888888888889,0.011228813559322034,23.021728866442675,1902.3910702790502
126,4,281,29,18956,449013,723695,1,288,2967,2523.117195631337,830,16369,546,99,1,1,10.52127659574468,0.09467654986522911,53.009433122794285,2794.75052896467
173,1,911,24,24471,474843,783812,2,200,2870,2295.324251674087,1022,24807,495,95,1,1,3.1469298245614037,0.3173110414489725,95.44631999192006,3024.1242516740867
45,3,23,10,48762,37608,295907,22,251,4758,1481.6254334799569,486,11856,547,99,1,1,198.25,0.004832948098339987,15.165750888103101,1489.2921001466236
112,0,380,26,39738,431501,151072,25,287,4846,2389.049226229996,854,7795,531,90,1,1,12.719160104986877,0.07839900969671962,61.644140029689765,2718.3825595633293
167,1,121,29,41720,360678,484040,46,454,3467,2523.117195631337,594,95921,87,90,1,1,28.418032786885245,0.03489042675893887,34.785054261852174,2640.0838622980036
70,4,388,7,30137,388353,406490,6,163,1418,1239.616774488902,1121,32063,366,98,1,1,3.645244215938303,0.2734319943622269,62.289646009589745,1330.1501078222352
118,1,323,10,25440,451850,190940,35,405,1098,1481.6254334799569,624,61951,539,99,1,1,3.388888888888889,0.29390354868061874,56.83308895353129,1589.2921001466236
174,2,424,7,12862,181361,326376,43,169,3169,1239.616774488902,615,39260,643,90,1,1,7.456470588235294,0.13375394321766562,65.11528238439882,1338.5501078222353
92,2,749,23,36879,491695,679587,32,274,382,2246.9962233634797,970,11149,455,98,0,0,0.5093333333333333,1.9556135770234986,86.54478609367523,2821.2295566968132
94,3,494,28,3737,290151,158351,48,244,3940,2479.233548977804,787,93205,589,98,1,1,7.959595959595959,0.1253488962192337,70.28513356322232,2940.3002156444704
108,0,178,18,43312,297401,740264,35,462,1393,1987.8091118722657,1286,27328,399,95,1,1,7.782122905027933,0.12769010043041606,42.190046219457976,2094.6091118722657
28,0,897,9,22788,95054,906681,3,355,3327,1405.5933027092876,367,70098,440,90,1,1,3.7048997772828507,0.26953125,94.7100839404126,1674.6933027092875
62,4,812,22,26522,39784,206012,22,208,1652,2197.6056596433023,1091,34623,704,99,1,1,2.031980319803198,0.49122807017543857,90.11104260855048,2793.072326309969
33,3,255,18,5649,179660,183808,24,486,4271,1987.8091118722657,1432,43255,461,90,1,1,16.68359375,0.059691011235955056,50.49752469181039,2140.809111872266
21,0,275,17,4868,54221,365060,40,42,4323,1931.8032179103905,530,37389,225,90,1,1,15.66304347826087,0.06359851988899168,52.44044240850758,2087.6365512437237
40,2,858,11,8824,293522,412867,25,417,2394,1553.941864307715,534,5206,406,99,1,1,2.7869615832363213,0.3582463465553236,92.62828941527529,1868.541864307715
75,3,252,1,8799,14696,744799,27,98,2038,468.5311009030959,1450,64565,394,99,1,1,8.055335968379447,0.12358999509563512,50.19960159204453,476.93110090309585
37,1,679,17,20870,365675,880895,27,104,1985,1931.8032179103905,402,21897,673,95,1,1,2.9191176470588234,0.3418932527693857,82.40145629781065,2316.569884577057
161,3,309,4,46147,44635,17771,20,230,1262,937.0622018061918,1255,80687,434,98,1,1,4.070967741935484,0.24465558194774348,55.58776843874919,978.2622018061918
38,3,960,4,18386,136489,351140,9,78,1711,937.0622018061918,1362,5370,521,99,1,1,1.7804370447450573,0.5607476635514018,97.97958971132712,1065.0622018061918
97,0,336,14,9614,330687,342317,26,303,349,1753.0828546273956,1405,25045,95,99,1,0,1.0356083086053411,0.96,57.96550698475775,1909.8828546273955
36,4,539,28,26147,222331,837266,14,246,4026,2479.233548977804,162,88236,420,90,1,1,7.455555555555556,0.13384653588279116,73.41661937191061,2982.3002156444704
44,4,604,9,12101,160279,931057,16,404,440,1405.5933027092876,902,88770,112,99,0,0,0.7272727272727273,1.3696145124716552,77.7174369109018,1586.7933027092877
102,0,856,13,41674,430740,175189,38,169,2808,1689.3129084557042,993,53584,510,99,1,1,3.2765460910151694,0.30473478106087576,92.52026804976302,2060.2462417890374
76,0,752,28,39127,431770,635578,34,329,2562,2479.233548977804,489,49671,258,90,1,1,3.402390438247012,0.29340616465079983,86.7179335547152,3181.1002156444706
2,0,351,28,21914,21817,218130,4,337,3152,2479.233548977804,592,16326,254,90,1,1,8.954545454545455,0.11132254995242626,59.2452529743945,2806.8335489778037
97,4,774,16,10615,327402,727497,15,285,1384,1874.1244036123835,866,68777,142,90,1,1,1.7858064516129033,0.5588447653429602,87.97726979169109,2286.9244036123837
54,0,688,1,24053,203654,925360,22,299,287,468.5311009030959,29,31639,681,95,0,0,0.41654571843251087,2.388888888888889,82.94576541331088,491.4644342364292
103,1,563,3,35521,141240,569178,38,376,2055,811.5196716903423,602,61874,214,98,1,1,3.643617021276596,0.27383268482490275,75.03332592921628,867.8196716903423
151,1,258,19,14481,132475,628028,47,51,997,2042.2797207424535,237,40766,541,99,1,1,3.8494208494208495,0.25851703406813625,50.79370039680118,2205.6797207424534
3,2,769,8,47898,446197,351572,8,401,2333,1325.2060745815106,1379,22278,202,90,1,1,3.02987012987013,0.32947729220222793,87.69264507357501,1530.2727412481772
95,1,959,18,44882,233378,18689,32,75,1422,1987.8091118722657,28,72980,552,90,1,0,1.48125,0.673928320449754,97.92854537876073,2563.2091118722656
4,3,389,6,11495,75199,38063,34,30,73,1147.6621258370435,453,69551,700,98,0,0,0.18717948717948718,5.256756756756757,62.369864518050704,1225.4621258370435
12,2,807,27,27282,337092,329342,39,344,1462,2434.5590150710273,377,81439,234,95,1,1,1.8094059405940595,0.5516062884483938,89.83317872590283,3160.859015071027
177,1,541,20,1146,67782,526817,23,79,3194,2095.334782384271,908,40583,567,99,1,1,5.892988929889299,0.16932707355242566,73.55270219373317,2456.0014490509375
114,3,903,29,41275,90759,220670,23,270,2205,2523.117195631337,898,94679,348,95,1,1,2.439159292035398,0.40933816863100636,95.0263121456368,3396.017195631337
127,1,873,26,16977,71599,535651,23,255,429,2389.049226229996,735,71400,188,95,0,0,0.49084668192219677,2.030232558139535,93.43446901438462,3145.6492262299957
56,3,390,6,42565,214635,682051,18,332,1471,1147.6621258370435,156,10676,307,95,1,1,3.762148337595908,0.264945652173913,62.44997998398398,1225.6621258370435
24,0,51,29,42534,26291,143823,38,244,3481,2523.117195631337,439,5234,177,90,1,1,66.9423076923077,0.014646754738655945,22.58317958127243,2572.417195631337
49,3,354,5,34945,381089,920195,24,436,3180,1047.6673911921355,857,22340,112,98,1,1,8.95774647887324,0.11128575919522163,59.49789912257407,1106.6673911921355
81,0,608,12,45286,457049,542070,30,281,4941,1623.0393433806846,1473,85259,448,98,1,1,8.113300492610838,0.12302711452853096,77.9743547584717,1866.2393433806847
10,3,270,9,37190,232047,355328,37,108,1730,1405.5933027092876,207,9526,567,98,1,1,6.3837638376383765,0.1559792027729636,51.96152422706632,1486.5933027092876
124,3,315,9,3594,97057,677900,24,338,35,1405.5933027092876,1006,73378,612,95,0,0,0.11075949367088607,8.75,56.124860801609124,1500.0933027092876
66,1,818,17,12074,362395,318135,26,44,1020,1931.8032179103905,1320,35626,578,99,1,0,1.2454212454212454,0.801175318315377,90.44335243676011,2395.336551243724
129,3,871,19,28431,359298,343019,31,348,1997,2042.2797207424535,574,2207,421,95,1,1,2.290137614678899,0.43593593593593594,93.32738076256078,2593.913054075787
162,1,249,17,18148,104535,757916,10,180,2760,1931.8032179103905,378,83844,162,98,1,1,11.04,0.09018471568272365,49.8998997994986,2072.9032179103906
23,3,688,22,23661,436208,955113,4,119,3117,2197.6056596433023,1273,63420,667,90,1,1,4.5239477503628445,0.22065426555484285,82.94576541331088,2702.1389929766356
124,4,322,16,28571,442566,853087,43,491,2535,1874.1244036123835,811,53097,656,95,1,1,7.848297213622291,0.12697160883280756,56.74504383644443,2045.8577369457169
41,2,740,12,45160,273717,212456,32,304,4714,1623.0393433806846,1320,65414,633,90,1,1,6.361673414304994,0.1569459172852598,86.02325267042627,1919.0393433806846
76,1,450,3,1435,269789,597465,18,19,4265,811.5196716903423,709,6429,271,98,1,1,9.456762749445677,0.10548523206751055,67.08203932499369,856.5196716903423
132,1,942,14,37119,18577,68396,42,211,145,1753.0828546273956,1428,54591,480,95,0,0,0.1537645811240721,6.4520547945205475,97.05668446840743,2192.6828546273955
130,0,912,17,44937,411928,813309,46,413,4963,1931.8032179103905,1005,8591,229,90,1,1,5.435925520262869,0.18372280419016923,95.49869109050658,2448.6032179103904
92,4,142,22,17518,39948,924366,15,266,4515,2197.6056596433023,527,39660,146,95,1,1,31.573426573426573,0.031443755535872454,37.68288736283355,2301.7389929766355
112,0,728,16,29490,246139,28405,34,271,4668,1874.1244036123835,784,78313,248,98,1,1,6.403292181069959,0.15592203898050974,85.32291603080617,2262.39107027905
173,4,60,21,22002,87700,126435,10,190,1026,2147.079235329429,570,41459,334,99,1,1,16.81967213114754,0.05842259006815969,24.49489742783178,2189.079235329429
111,4,627,12,42763,277361,845061,10,439,3665,1623.0393433806846,69,79084,272,98,1,1,5.835987261146497,0.17103109656301146,79.18333157931662,1873.8393433806846
105,3,401,28,3366,332322,56233,9,75,1286,2479.233548977804,554,63099,321,99,1,1,3.199004975124378,0.31157731157731156,63.324560795950255,2853.5002156444707
142,0,705,24,13367,357206,817903,33,303,2846,2295.324251674087,1026,63848,330,99,1,1,4.031161473087819,0.2476290832455216,83.96427811873333,2859.324251674087
12,2,722,2,12454,368950,275446,4,170,320,662.6030372907553,312,98591,713,98,0,0,0.4426002766251729,2.249221183800623,84.970583144992,710.7363706240886
15,4,532,8,10668,167481,745333,22,76,4095,1325.2060745815106,1277,79405,417,90,1,1,7.682926829268292,0.1298828125,72.93833011524188,1467.0727412481774
11,4,775,12,4415,190112,909898,24,109,2293,1623.0393433806846,1240,90399,617,95,1,1,2.954896907216495,0.33783783783783783,88.03408430829505,1933.0393433806846
83,1,517,21,32773,481486,352192,28,86,1612,2147.079235329429,1408,5661,238,95,1,1,3.111969111969112,0.32052076875387475,71.9027120489902,2508.9792353294292
57,3,671,16,11232,119657,632260,39,44,476,1874.1244036123835,292,45802,343,95,0,0,0.7083333333333334,1.4067085953878407,81.91458966508958,2231.9910702790503
30,2,363,8,30039,482282,951015,12,472,3164,1325.2060745815106,487,19782,646,99,1,1,8.692307692307692,0.11469194312796209,60.249481325568276,1422.0060745815106
26,4,876,28,26568,219002,932526,46,54,1826,2479.233548977804,1055,50179,55,99,1,1,2.082098061573546,0.4794745484400657,93.59487165438073,3296.8335489778037
33,1,982,16,38459,339179,315383,31,159,782,1874.1244036123835,568,2898,108,98,0,0,0.7955239064089522,1.2541507024265646,99.09591313469996,2397.857736945717
92,0,404,10,8669,103075,737051,33,77,4628,1481.6254334799569,358,79455,157,90,1,1,11.427160493827161,0.08727586951825449,63.56099432828282,1616.2921001466236
157,4,965,20,25213,412885,924617,11,263,1947,2095.334782384271,679,41068,442,98,1,1,2.015527950310559,0.4953798767967146,98.2344135219425,2738.6681157176045
21,1,105,15,19280,199319,238088,23,26,3331,1814.6131509779173,267,68963,166,98,1,1,31.42452830188679,0.031512605042016806,32.4037034920393,1867.1131509779173
128,0,115,4,20449,200047,133811,39,270,4674,937.0622018061918,664,77303,363,90,1,1,40.293103448275865,0.02459893048128342,33.91164991562634,952.3955351395251
121,3,664,26,36516,431778,917529,20,222,1593,2389.049226229996,1080,84956,577,99,1,1,2.395488721804511,0.41656210790464243,81.48619514985344,2964.5158928966625
113,0,687,15,24076,31629,69269,28,322,1747,1814.6131509779173,1060,59654,417,98,1,1,2.5392441860465116,0.39302059496567504,82.8854631404084,2158.113150977917
48,4,522,4,3661,363426,637846,22,265,2033,937.0622018061918,1060,37123,600,98,1,1,3.887189292543021,0.25663716814159293,72.24956747275377,1006.6622018061918
80,2,567,11,24333,202535,100868,32,225,256,1553.941864307715,1430,57198,259,99,0,0,0.4507042253521127,2.2062256809338523,75.2994023880668,1761.8418643077148
88,0,251,6,23759,318151,461614,7,360,2991,1147.6621258370435,154,53872,450,95,1,1,11.869047619047619,0.0838903743315508,50.0999001995014,1197.8621258370435
103,2,865,4,48941,421344,792170,41,433,1417,937.0622018061918,596,5902,153,90,1,1,1.636258660508083,0.6100141043723555,93.00537618869137,1052.395535139525
85,2,948,9,45367,12039,858327,12,295,4977,1405.5933027092876,531,27850,117,90,1,1,5.244467860906217,0.19043792687826436,97.36529155710468,1689.9933027092877
143,0,497,9,39875,116615,866322,4,435,4114,1405.5933027092876,1154,49554,170,95,1,1,8.261044176706827,0.12077764277035237,70.49822692805827,1554.6933027092875
169,3,799,3,13698,13857,631671,40,16,109,811.5196716903423,810,44034,80,90,0,0,0.13625,7.263636363636364,89.38679992034618,891.4196716903423
108,0,524,23,31964,200091,530622,9,389,2552,2246.9962233634797,1495,65843,596,95,1,1,4.860952380952381,0.20524872698785743,72.38784428341543,2648.729556696813
65,1,663,28,32408,101432,521357,13,208,1057,2479.233548977804,391,88156,434,98,1,1,1.591867469879518,0.6266540642722117,81.42481194328913,3098.033548977804
141,2,907,5,23885,473702,307428,23,100,4350,1047.6673911921355,785,9280,366,90,1,1,4.790748898678414,0.20845782578717537,95.23654760647301,1198.8340578588022
95,4,70,15,14309,230079,451856,10,481,4733,1814.6131509779173,682,81490,691,90,1,1,66.66197183098592,0.014786649767638362,26.457513110645905,1849.6131509779173
23,2,425,28,36429,90977,872124,45,156,2042,2479.233548977804,1451,47814,694,98,1,1,4.793427230046948,0.20802741067058247,65.19202405202648,2875.9002156444703
16,4,303,9,16133,284879,949957,2,434,2181,1405.5933027092876,336,58465,395,99,1,1,7.1743421052631575,0.1388634280476627,55.04543577809154,1496.4933027092877
148,1,746,2,9210,491167,239297,28,427,4492,662.6030372907553,1424,47973,287,99,1,1,6.0133868808567605,0.16603605608724684,86.37129152675674,712.3363706240887
124,1,311,3,37126,175583,623582,47,159,3558,811.5196716903423,1330,38729,417,98,1,1,11.403846153846153,0.08738409665636415,55.767373974394744,842.6196716903423
131,1,179,26,34043,56051,215446,29,61,1621,2389.049226229996,639,33800,74,90,1,1,9.005555555555556,0.11035758323057954,42.30839160261236,2544.182559563329
52,0,655,21,5078,396966,514254,48,252,3658,2147.079235329429,93,75423,298,90,1,1,5.576219512195122,0.17901065864990434,80.93207028119323,2605.579235329429
145,2,50,12,12137,62693,512542,36,228,2694,1623.0393433806846,155,98143,340,90,1,1,52.8235294117647,0.01855287569573284,22.360679774997898,1643.0393433806846
83,4,240,16,30350,117942,965480,6,15,3884,1874.1244036123835,1204,98677,701,95,1,1,16.116182572614107,0.06177606177606178,48.98979485566356,2002.1244036123835
45,1,418,5,5698,341296,255954,16,467,4780,1047.6673911921355,1367,79871,307,99,1,1,11.408114558472553,0.08742940807362476,64.65291950097846,1117.3340578588022
159,1,747,10,34132,353063,941229,19,118,3284,1481.6254334799569,433,72713,504,90,1,1,4.390374331550802,0.2273972602739726,86.4291617453276,1730.6254334799569
63,4,660,28,11165,301900,478089,10,360,2166,2479.233548977804,1342,42206,596,99,1,1,3.276853252647504,0.30456852791878175,81.24038404635961,3095.233548977804
59,2,631,15,1794,144966,760707,43,418,3886,1814.6131509779173,670,4926,174,99,1,1,6.14873417721519,0.16233599176742988,79.435508432942,2130.113150977917
30,2,306,14,14646,388556,184115,24,75,4397,1753.0828546273956,772,61445,264,90,1,1,14.322475570032573,0.06957708049113233,55.31726674375732,1895.8828546273955
46,4,464,14,24179,376675,507730,23,19,4322,1753.0828546273956,578,44056,165,98,1,1,9.294623655913979,0.10733287069164932,68.11754546370561,1969.616187960729
2,3,66,23,6870,184304,629140,1,211,4451,2246.9962233634797,356,76690,474,98,1,1,66.43283582089552,0.014824797843665768,25.69046515733026,2297.5962233634796
107,2,951,13,34357,63214,87080,26,291,4796,1689.3129084557042,1335,69495,382,99,1,1,5.03781512605042,0.19824890556597874,97.51922887307919,2101.4129084557044
76,4,644,16,31736,79817,206062,18,398,3392,1874.1244036123835,356,85147,423,95,1,1,5.2589147286821705,0.18980253463012084,80.24961059095551,2217.59107027905
106,4,249,8,38081,73862,616151,28,223,2270,1325.2060745815106,417,35161,304,99,1,1,9.08,0.1096433289299868,49.8998997994986,1391.6060745815107
148,1,607,8,17211,231255,974313,36,77,3711,1325.2060745815106,142,60251,413,99,1,1,6.103618421052632,0.1635237068965517,77.91020472312982,1487.0727412481774
91,4,185,17,22129,268121,550993,10,256,1586,1931.8032179103905,623,19407,352,98,1,1,8.526881720430108,0.11657214870825457,43.01162633521314,2036.6365512437237
141,0,72,17,8377,269968,73131,18,363,1214,1931.8032179103905,997,79561,212,90,1,1,16.63013698630137,0.05925925925925926,26.832815729997478,1972.6032179103904
119,1,560,3,9861,433252,872447,27,336,1645,811.5196716903423,115,72600,602,90,1,1,2.9322638146167557,0.3402187120291616,74.83314773547883,867.5196716903423
4,1,147,1,18821,421800,858888,38,59,1350,468.5311009030959,180,57714,469,95,1,1,9.121621621621621,0.10880829015544041,38.34057902536163,473.43110090309585
156,2,990,17,13952,173380,349003,20,26,3198,1931.8032179103905,649,7639,92,98,1,1,3.227043390514632,0.3094717099093467,99.498743710662,2492.8032179103902
20,3,463,26,10047,385228,743833,25,20,364,2389.049226229996,1283,3478,680,98,0,0,0.7844827586206896,1.2684931506849315,68.044103344816,2790.3158928966623
123,2,762,24,27953,300477,164161,21,318,3939,2295.324251674087,271,65546,675,99,1,1,5.162516382699869,0.1934010152284264,87.29261137118078,2904.924251674087
108,0,458,16,37801,439165,863670,5,315,4614,1874.1244036123835,503,74465,63,98,1,1,10.052287581699346,0.09924160346695558,67.67569726275453,2118.3910702790504
55,1,235,17,19277,396505,348084,10,401,3199,1931.8032179103905,1277,98862,506,99,1,1,13.555084745762711,0.0734375,48.47679857416329,2064.969884577057
89,1,452,25,24903,488011,371278,13,485,1626,2342.655504515479,1484,63876,116,95,1,1,3.589403973509934,0.2778119237861094,67.23094525588644,2719.3221711821457
59,4,215,2,19226,107330,870348,35,133,3201,662.6030372907553,912,89373,239,98,1,1,14.819444444444445,0.06714553404122424,46.36809247747852,676.9363706240887
122,3,685,25,23628,49288,752886,39,234,1645,2342.655504515479,299,42941,491,98,1,1,2.3979591836734695,0.4161603888213852,82.76472678623425,2913.488837848812
21,3,36,14,17710,350732,333540,40,253,981,1753.0828546273956,1296,30974,110,99,1,1,26.513513513513512,0.03665987780040733,18.973665961010276,1769.8828546273955
33,4,466,7,28802,218879,13877,1,327,2395,1239.616774488902,1347,45183,351,98,1,1,5.12847965738758,0.19449081803005008,68.26419266350405,1348.3501078222353
41,0,704,25,19784,125784,904839,42,482,2036,2342.655504515479,94,9418,444,90,1,1,2.8879432624113477,0.34560628375061364,83.90470785361212,2929.3221711821457
161,3,719,19,5278,186339,618544,19,478,3552,2042.2797207424535,1448,84186,219,95,1,1,4.933333333333334,0.20236419926822405,84.7938677028003,2497.64638740912
89,1,858,1,29677,304319,738572,21,341,921,468.5311009030959,1362,58148,262,90,1,0,1.0721769499417928,0.93058568329718,92.62828941527529,497.1311009030959
91,0,958,17,8500,18915,41818,38,388,3746,1931.8032179103905,54,80919,421,99,1,1,3.906152241918665,0.2556712036295703,97.87747442593725,2474.669884577057
156,2,116,27,5015,353802,765244,3,355,3658,2434.5590150710273,824,32708,198,99,1,1,31.264957264957264,0.03170265099754031,34.058772731852805,2538.9590150710274
57,2,453,10,22836,381879,58555,28,38,3782,1481.6254334799569,342,33924,472,99,1,1,8.330396475770925,0.11974623314829501,67.30527468185537,1632.6254334799569
26,0,710,6,42010,344598,838800,45,367,3995,1147.6621258370435,474,24382,197,95,1,1,5.618846694796062,0.17767767767767767,84.26149773176358,1289.6621258370435
90,1,45,7,8826,462938,975684,23,492,4456,1239.616774488902,209,27649,260,98,1,1,96.8695652173913,0.01009647745120036,21.213203435596427,1250.116774488902
98,2,606,25,10201,368117,395198,0,366,4277,2342.655504515479,1234,97676,179,90,1,1,7.046128500823723,0.14165497896213183,77.84600182411425,2847.655504515479
86,1,164,6,30048,383486,886098,23,375,1474,1147.6621258370435,338,99099,693,98,1,1,8.933333333333334,0.1111864406779661,40.496913462633174,1180.4621258370435
138,4,178,5,20941,206370,895209,29,437,4658,1047.6673911921355,249,31373,579,99,1,1,26.022346368715084,0.03820562352436145,42.190046219457976,1077.3340578588022
8,3,805,2,16105,23805,532126,11,374,4409,662.6030372907553,807,83680,415,98,1,1,5.470223325062035,0.18253968253968253,89.7217922246318,716.2697039574219
32,0,281,18,1153,226206,382072,18,438,2068,1987.8091118722657,711,75501,410,95,1,1,7.333333333333333,0.13581440309328177,53.009433122794285,2156.409111872266
50,3,556,24,42541,443733,583709,36,294,3767,2295.324251674087,592,23791,304,99,1,1,6.763016157989228,0.1475583864118896,74.56540752922899,2740.124251674087
138,4,429,17,5886,64716,36620,39,481,2852,1931.8032179103905,666,59896,646,98,1,1,6.632558139534884,0.15036803364879076,65.49809157525127,2174.9032179103906
156,2,193,24,24950,143943,393382,42,68,402,2295.324251674087,1392,24115,91,90,1,1,2.0721649484536084,0.47890818858560796,43.93176527297759,2449.724251674087
86,1,620,27,3267,374937,332683,3,152,1147,2434.5590150710273,730,18341,496,99,1,1,1.8470209339774557,0.5400696864111498,78.74007874011811,2992.5590150710273
111,1,246,26,21642,309519,27077,14,335,612,2389.049226229996,369,17637,557,99,1,1,2.477732793522267,0.401305057096248,49.59838707054898,2602.2492262299957
10,4,924,27,1970,186813,940167,19,361,1876,2434.5590150710273,1411,25269,179,95,1,1,2.0281081081081083,0.4922749067661161,96.12491872558333,3266.159015071027
2,0,518,23,42607,382559,93335,43,309,1613,2246.9962233634797,394,84489,171,95,1,1,3.1078998073217727,0.32094175960346966,71.97221686178632,2644.129556696813
95,3,450,7,32288,164220,57285,19,235,3017,1239.616774488902,1498,94330,145,90,1,1,6.689578713968958,0.14910536779324055,67.08203932499369,1344.616774488902
81,2,990,21,47581,15834,454451,20,173,4788,2147.079235329429,1255,24877,94,98,1,1,4.8314833501513625,0.2067237419085404,99.498743710662,2840.079235329429
61,0,131,19,18329,52680,682979,9,93,1734,2042.2797207424535,808,41273,458,98,1,1,13.136363636363637,0.07550432276657061,36.193922141707716,2125.24638740912
130,4,426,7,15450,138802,603791,29,386,3548,1239.616774488902,374,57035,339,99,1,1,8.309133489461358,0.12003381234150465,65.26867548832288,1339.016774488902
59,4,544,23,6618,13399,921283,23,322,2919,2246.9962233634797,81,13405,459,99,1,1,5.3559633027522935,0.1863013698630137,73.7563556583431,2664.0628900301463
74,1,384,7,35263,467307,67477,47,126,4935,1239.616774488902,1273,94348,190,98,1,1,12.818181818181818,0.07779578606158834,61.96773353931867,1329.2167744889018
94,2,584,16,3047,162834,561776,39,329,2150,1874.1244036123835,513,63309,335,98,1,1,3.675213675213675,0.27150162715016274,76.4198926981712,2185.59107027905
163,0,335,12,10364,454225,613035,39,213,2380,1623.0393433806846,1447,42767,390,98,1,1,7.083333333333333,0.14069718605627887,57.879184513951124,1757.0393433806846
76,1,489,15,29794,378052,31169,37,364,1810,1814.6131509779173,136,10973,307,99,1,1,3.693877551020408,0.2700165654334622,69.92853494818836,2059.113150977917
166,2,159,15,14091,348637,302517,2,303,3201,1814.6131509779173,1281,59565,325,95,1,1,20.00625,0.04965646470955653,39.87480407475377,1894.1131509779173
94,3,716,11,3886,378179,42669,28,154,752,1553.941864307715,491,90461,580,95,1,0,1.0488145048814506,0.950863213811421,84.61678320522472,1816.4751976410482
104,3,601,2,22572,454764,589565,7,36,2472,662.6030372907553,1345,24091,198,90,1,1,4.106312292358804,0.24302466639708856,77.52418977325722,702.669703957422
25,1,499,3,16161,169412,475386,28,26,1341,811.5196716903423,1477,20584,488,98,1,1,2.682,0.37183308494783907,70.63993204979744,861.4196716903423
14,0,836,19,5158,464581,589408,9,72,504,2042.2797207424535,292,75607,609,98,0,0,0.6021505376344086,1.6554455445544554,91.43303560529968,2571.74638740912
19,2,162,20,28663,398910,338520,4,276,3482,2095.334782384271,1035,71624,36,98,1,1,21.36196319018405,0.046511627906976744,40.24922359499622,2203.334782384271
69,3,26,28,20845,364818,588523,10,73,1969,2479.233548977804,83,17550,626,90,1,1,72.92592592592592,0.013197969543147208,16.1245154965971,2503.5002156444707
38,3,560,25,7733,91344,437445,3,48,4049,2342.655504515479,1097,3063,161,98,1,1,7.2174688057041,0.1382716049382716,74.83314773547883,2809.3221711821457
49,0,854,26,35425,200862,883286,48,139,4147,2389.049226229996,782,93816,617,95,1,1,4.8502923976608185,0.20588235294117646,92.41212041718337,3129.182559563329
29,1,357,15,38811,365923,549693,34,124,3637,1814.6131509779173,356,74839,376,98,1,1,10.159217877094973,0.09813084112149532,59.74947698515862,1993.1131509779173
103,4,468,16,33001,471013,123307,39,459,2422,1874.1244036123835,333,12631,625,90,1,1,5.164179104477612,0.1931489888567891,68.41052550594829,2123.7244036123834
34,2,211,1,40128,21809,373920,11,447,4484,468.5311009030959,248,2125,282,99,1,1,21.150943396226417,0.047045707915273134,45.93473631142341,475.56443423642924
177,3,432,15,10329,158768,681207,20,422,673,1814.6131509779173,1430,36409,439,99,1,1,1.5542725173210161,0.6409495548961425,65.72670690061993,2030.6131509779173
103,4,289,12,25812,249432,557835,15,54,592,1623.0393433806846,346,51581,572,95,1,1,2.0413793103448277,0.4873524451939292,53.75872022286245,1738.6393433806845
150,0,431,7,28099,140306,540863,13,225,2779,1239.616774488902,350,23485,384,95,1,1,6.43287037037037,0.1550359712230216,65.6505902486794,1340.1834411555685
164,1,609,7,5043,192529,892091,20,97,3668,1239.616774488902,1312,79330,593,95,1,1,6.0131147540983605,0.16598528209321342,78.03845206050669,1381.7167744889018
169,2,474,11,15242,425107,145915,47,345,2552,1553.941864307715,1386,84554,397,99,1,1,5.372631578947368,0.18566392479435959,68.84765791223403,1727.7418643077149
99,0,962,20,34365,69151,234059,26,424,4178,2095.334782384271,955,75398,613,98,1,1,4.33852544132918,0.23019861210815984,98.08159868191383,2736.6681157176045
92,1,821,29,27278,94661,935243,35,186,3138,2523.117195631337,901,2690,540,90,1,1,3.8175182481751824,0.26154826377827334,90.60905032059435,3316.75052896467
69,0,813,11,28133,204080,811284,0,274,4509,1553.941864307715,1496,16740,562,90,1,1,5.53931203931204,0.1802660753880266,90.1665126307988,1852.041864307715
158,3,364,17,25740,193560,848093,0,420,2500,1931.8032179103905,471,49643,557,98,1,1,6.8493150684931505,0.14554178328668532,60.332412515993425,2138.069884577057
127,3,591,3,36092,66632,150229,21,449,2793,811.5196716903423,1326,89560,557,99,1,1,4.717905405405405,0.21152469577666427,76.87652437513027,870.6196716903423
48,4,387,16,31976,391991,97942,14,114,4293,1874.1244036123835,807,86877,431,99,1,1,11.064432989690722,0.09012575687005124,62.20932405998316,2080.5244036123836
146,0,133,5,41067,76533,388870,19,390,1712,1047.6673911921355,742,10156,204,90,1,1,12.776119402985074,0.07764156450671336,36.46916505762094,1069.8340578588022
141,3,89,28,12231,385603,778180,2,343,2345,2479.233548977804,1440,38214,107,95,1,1,26.055555555555557,0.03793691389599318,29.832867780352597,2562.3002156444704
109,1,566,2,1569,81889,907168,13,310,299,662.6030372907553,171,97589,469,95,0,0,0.527336860670194,1.8866666666666667,75.2329714952161,700.3363706240887
1,4,997,23,4328,94239,257610,8,482,4224,2246.9962233634797,457,64389,578,90,1,1,4.232464929859719,0.23597633136094676,99.84988733093293,3011.3628900301464
139,2,242,26,26261,111511,82968,18,180,1906,2389.049226229996,1488,76694,261,90,1,1,7.843621399176954,0.12690089145254327,49.193495504995376,2598.782559563329
49,0,489,26,26262,67942,264686,39,117,2485,2389.049226229996,274,3808,429,98,1,1,5.071428571428571,0.19670152855993564,69.92853494818836,2812.849226229996
36,3,163,7,4280,19275,815269,33,415,206,1239.616774488902,1019,63987,242,98,1,0,1.2560975609756098,0.7874396135265701,40.3732584763727,1277.6501078222352
174,1,916,28,20147,292109,90684,3,364,293,2479.233548977804,141,71938,222,98,0,0,0.31952017448200654,3.1156462585034013,95.70788891204319,3334.166882311137
62,0,701,10,32742,107955,651992,32,170,1873,1481.6254334799569,129,68500,601,98,1,1,2.668091168091168,0.37406616862326575,83.72574275573791,1715.2921001466236
103,1,418,5,4590,124178,86730,42,292,3758,1047.6673911921355,1252,63167,296,98,1,1,8.968973747016706,0.1111997871774408,64.65291950097846,1117.3340578588022
158,4,40,15,23006,176926,680179,36,49,2088,1814.6131509779173,1450,61734,155,98,1,1,50.926829268292686,0.019147917663954045,20.0,1834.6131509779173
118,3,606,12,14570,419189,475377,1,35,1772,1623.0393433806846,681,18206,411,95,1,1,2.919275123558484,0.34179357021996615,77.84600182411425,1865.4393433806845
38,3,566,10,35993,361230,279548,26,92,2863,1481.6254334799569,514,10629,573,90,1,1,5.049382716049383,0.19762569832402235,75.2329714952161,1670.2921001466236
147,4,512,22,30593,299022,795932,44,182,4721,2197.6056596433023,1333,33337,531,99,1,1,9.202729044834308,0.1084286319356205,71.55417527999327,2573.072326309969
84,1,380,17,48646,397808,24674,16,496,4373,1931.8032179103905,118,88095,432,98,1,1,11.47769028871391,0.08687700045724737,61.644140029689765,2147.1365512437237
134,0,332,20,24907,420321,479259,48,182,3426,2095.334782384271,1271,64829,290,95,1,1,10.288288288288289,0.09687773562882988,57.619441163551734,2316.6681157176045
90,1,341,20,10533,123174,620211,30,291,528,2095.334782384271,302,70401,416,90,1,1,1.543859649122807,0.6446124763705104,58.39520528262573,2322.6681157176045
155,0,252,11,43649,336890,421913,40,79,2133,1553.941864307715,997,70830,441,90,1,1,8.430830039525691,0.11808809746954077,50.19960159204453,1646.341864307715
112,4,561,8,17747,371602,201735,5,332,1924,1325.2060745815106,837,47939,375,90,1,1,3.4234875444839856,0.2914285714285714,74.89993324429602,1474.8060745815105
0,2,439,15,14366,222637,426786,30,15,4788,1814.6131509779173,196,13965,123,98,1,1,10.881818181818181,0.09166840676550428,66.25707509390978,2034.1131509779173
82,0,191,2,49283,400828,901751,2,293,1360,662.6030372907553,1069,13228,357,98,1,1,7.083333333333333,0.14033798677443057,43.70354676682432,675.3363706240887
53,3,818,17,11832,312079,38037,39,204,862,1931.8032179103905,265,49419,129,99,1,0,1.0525030525030525,0.947856315179606,90.44335243676011,2395.336551243724
88,3,482,23,29325,42784,498835,2,22,3216,2246.9962233634797,1468,97913,490,98,1,1,6.658385093167702,0.149829033260802,69.42621983083913,2616.529556696813
14,3,385,6,35798,434817,909997,32,72,2362,1147.6621258370435,1041,50229,344,90,1,1,6.119170984455959,0.16292848074481592,62.048368229954285,1224.6621258370435
133,1,90,21,40453,49865,116086,12,22,4320,2147.079235329429,757,13822,54,90,1,1,47.472527472527474,0.020828511918537376,30.0,2210.079235329429
139,1,559,28,23849,369225,572270,20,258,3494,2479.233548977804,1211,31070,523,95,1,1,6.239285714285714,0.15994277539341917,74.76630257007497,3000.966882311137
14,1,877,13,7157,350845,395453,36,214,1967,1689.3129084557042,1275,69723,382,95,1,1,2.2403189066059226,0.445630081300813,93.64827814754524,2069.346241789038
177,3,429,29,47436,421832,901674,15,394,67,2523.117195631337,50,8135,146,99,0,0,0.1558139534883721,6.3088235294117645,65.49809157525127,2937.817195631337
97,0,476,29,31178,283798,996028,20,262,1642,2523.117195631337,1390,80044,228,95,1,1,3.442348008385744,0.28971393791844186,68.99275324264136,2983.25052896467
20,3,437,8,18001,27830,529892,47,49,1020,1325.2060745815106,766,40441,308,99,1,1,2.328767123287671,0.42801175318315376,66.10597552415364,1441.739407914844
38,0,66,11,30030,419421,801588,43,174,3143,1553.941864307715,122,40884,611,95,1,1,46.91044776119403,0.02099236641221374,25.69046515733026,1578.141864307715
33,1,331,15,1193,52425,572568,12,40,1470,1814.6131509779173,777,92603,108,90,1,1,4.427710843373494,0.22501699524133242,57.532599454570104,1980.1131509779173
64,2,986,13,9164,218567,609612,3,26,1382,1689.3129084557042,1199,19043,453,98,1,0,1.4002026342451874,0.7129428778018799,99.29753269845128,2116.579575122371
122,1,551,18,21842,490910,70706,30,146,2930,1987.8091118722657,863,97108,383,98,1,1,5.307971014492754,0.18799044694643466,74.22937423958254,2318.409111872266
149,4,504,18,2119,87355,745081,8,374,1336,1987.8091118722657,87,76043,555,99,1,1,2.6455445544554457,0.3769633507853403,70.9929573971954,2290.2091118722656
105,0,275,25,14351,439067,225342,47,329,3166,2342.655504515479,728,4062,570,98,1,1,11.471014492753623,0.08683296495105779,52.44044240850758,2571.8221711821457
135,2,236,17,7540,118039,151043,32,322,1242,1931.8032179103905,887,91236,685,98,1,1,5.2405063291139244,0.1898632341110217,48.579831205964474,2065.536551243724
4,1,838,22,46162,264031,980644,36,406,1705,2197.6056596433023,1229,53214,506,95,1,1,2.032181168057211,0.4912075029308324,91.54233993076646,2812.1389929766356
29,2,968,13,32760,410168,577696,36,174,3199,1689.3129084557042,411,84990,39,90,1,1,3.301341589267286,0.3025,98.38699100999075,2108.7795751223707
130,3,813,29,27528,492977,193094,23,407,2594,2523.117195631337,842,54409,588,98,1,1,3.1867321867321867,0.3132947976878613,90.1665126307988,3309.017195631337
34,0,63,3,24538,57405,147559,24,468,3937,811.5196716903423,73,11868,532,90,1,1,61.515625,0.015997968511934992,25.099800796022265,817.8196716903423
130,4,618,29,33242,267239,258670,40,290,1679,2523.117195631337,661,69089,289,95,1,1,2.7124394184168015,0.3678571428571429,78.61297602813418,3120.517195631337
33,3,970,21,48628,248839,30997,28,232,1315,2147.079235329429,895,96089,553,95,1,0,1.3542739443872296,0.7370820668693009,98.48857801796105,2826.079235329429
136,2,987,24,27358,265516,842888,39,131,4826,2295.324251674087,1458,95047,625,98,1,1,4.884615384615385,0.20447482908638906,99.34787365615834,3084.924251674087
160,1,13,7,39613,277535,927297,46,87,567,1239.616774488902,1075,18428,35,98,1,1,40.5,0.022887323943661973,11.40175425099138,1242.6501078222352
170,0,448,29,41739,483220,874420,35,322,2704,2523.117195631337,382,72493,64,95,1,1,6.022271714922049,0.1656192236598891,66.93280212272605,2956.1838622980035
160,4,319,12,30738,203540,615196,14,336,2451,1623.0393433806846,315,71114,204,95,1,1,7.659375,0.1300978792822186,56.480084985771754,1750.6393433806845
55,1,888,4,47921,25091,986920,44,97,1748,937.0622018061918,218,39389,471,99,1,1,1.966254218222722,0.5077186963979416,94.23375191511798,1055.4622018061918
69,4,612,24,24581,302381,447983,17,122,4691,2295.324251674087,476,35734,606,99,1,1,7.65252854812398,0.13043478260869565,78.23042886243178,2784.924251674087
145,0,98,27,31136,385412,744330,19,109,647,2434.5590150710273,941,77084,176,90,1,1,6.5353535353535355,0.15123456790123457,31.304951684997057,2522.759015071027
115,2,329,27,22485,265665,874384,4,435,2193,2434.5590150710273,1337,66107,598,95,1,1,6.6454545454545455,0.14995442114858706,57.358521598799946,2730.659015071027
78,4,384,26,28165,330497,356928,17,435,2808,2389.049226229996,1425,87889,222,90,1,1,7.293506493506493,0.13670345318618726,61.96773353931867,2721.849226229996
172,0,613,11,37294,346644,515465,39,312,124,1553.941864307715,1186,85170,42,95,0,0,0.20195439739413681,4.904,78.29431652425353,1778.7085309743816
5,4,510,14,2634,181754,431410,0,381,1537,1753.0828546273956,656,12679,559,90,1,1,3.0078277886497067,0.33159947984395316,71.4142842854285,1991.0828546273956
135,1,671,18,44969,384924,174857,18,437,4575,1987.8091118722657,371,48743,275,99,1,1,6.808035714285714,0.1466346153846154,81.91458966508958,2390.409111872266
77,4,243,7,1093,452850,244066,22,434,4807,1239.616774488902,1297,25717,704,95,1,1,19.700819672131146,0.05054076539101497,49.29503017546495,1296.316774488902
4,1,930,5,29370,299112,592964,25,396,1970,1047.6673911921355,1249,26579,143,95,1,1,2.1160042964554244,0.471841704718417,96.43650760992955,1202.6673911921355
170,1,346,16,20750,195905,542661,48,248,2762,1874.1244036123835,730,65102,262,90,1,1,7.959654178674351,0.12522620340209917,58.82176467941097,2058.657736945717
128,0,580,11,41484,181277,171355,28,355,1817,1553.941864307715,725,93266,707,90,1,1,3.12736660929432,0.31903190319031904,76.15773105863909,1766.6085309743817
129,3,194,22,48099,217979,196983,33,120,814,2197.6056596433023,552,35782,351,98,1,1,4.174358974358975,0.23803680981595093,44.04543109109048,2339.872326309969
1,4,447,3,17472,445757,104951,18,99,3101,811.5196716903423,203,71160,567,98,1,1,6.921875,0.14410058027079303,66.85805860178712,856.2196716903424
125,2,565,16,48009,135401,822846,47,394,4151,1874.1244036123835,661,24103,155,99,1,1,7.333922261484099,0.13607899807321772,75.16648189186454,2175.457736945717
43,1,189,11,19934,232289,941882,17,472,1654,1553.941864307715,1060,92080,342,95,1,1,8.705263157894738,0.11419939577039274,43.474130238568314,1623.2418643077149
77,3,85,10,44774,300429,913571,1,148,131,1481.6254334799569,1079,54077,540,95,1,1,1.5232558139534884,0.6439393939393939,29.154759474226502,1509.9587668132901
84,1,665,23,23521,375651,618160,26,494,230,2246.9962233634797,656,29534,513,90,0,0,0.34534534534534533,2.878787878787879,81.54753215150045,2756.829556696813
153,3,622,23,40125,455729,145772,5,144,394,2246.9962233634797,963,39636,310,99,0,0,0.6324237560192616,1.5746835443037974,78.86697661252141,2723.8628900301464
153,3,902,2,2445,25430,467359,38,21,3573,662.6030372907553,1091,51486,312,95,1,1,3.956810631229236,0.2523782876329043,94.97368056467013,722.7363706240886
20,2,281,16,22005,261707,204301,5,253,981,1874.1244036123835,1046,95096,680,99,1,1,3.478723404255319,0.2861507128309572,53.009433122794285,2023.9910702790503
1,3,986,17,40103,150105,154973,5,431,932,1931.8032179103905,958,34435,642,98,0,0,0.9442755825734549,1.0568060021436227,99.29753269845128,2490.536551243724
117,2,64,10,19214,160990,362518,30,191,1409,1481.6254334799569,970,34152,421,90,1,1,21.676923076923078,0.04539007092198582,25.298221281347036,1502.9587668132901
61,0,710,18,24169,290400,425813,40,204,2955,1987.8091118722657,58,59952,552,95,1,1,4.156118143459915,0.2401894451962111,84.26149773176358,2413.809111872266
63,1,872,12,17938,189594,174500,39,371,4628,1623.0393433806846,812,20638,411,90,1,1,5.301260022909507,0.18837761935623246,93.38094023943002,1971.8393433806846
119,2,856,8,12956,205425,519219,29,131,4650,1325.2060745815106,1127,17396,245,98,1,1,5.425904317386231,0.18404644162545689,92.52026804976302,1553.4727412481773
160,1,86,27,40687,394090,701047,20,62,2741,2434.5590150710273,616,41494,571,99,1,1,31.50574712643678,0.031363967906637494,29.32575659723036,2511.9590150710274
61,4,305,26,6593,41188,825925,40,483,2938,2389.049226229996,1484,27783,635,99,1,1,9.601307189542483,0.10377679482817284,55.226805085936306,2653.3825595633293
50,0,228,3,27207,327278,135074,43,487,3420,811.5196716903423,1412,6403,145,98,1,1,14.934497816593886,0.06664717918737212,47.74934554525329,834.3196716903423
120,4,286,27,40921,324801,585512,17,425,2504,2434.5590150710273,19,65052,538,98,1,1,8.724738675958188,0.11417165668662675,53.47896782848375,2691.9590150710274
28,4,587,20,38310,308232,303996,22,365,3033,2095.334782384271,683,24838,529,95,1,1,5.158163265306122,0.1934739617666447,76.61592523751182,2486.6681157176045
60,3,657,24,49960,418195,807364,37,182,3979,2295.324251674087,735,39919,300,95,1,1,6.047112462006079,0.16507537688442211,81.05553651663777,2820.924251674087
90,3,755,3,32619,209336,270346,22,188,3823,811.5196716903423,525,78895,469,95,1,1,5.056878306878307,0.19743723849372385,86.89073598491383,887.0196716903423
